ID,X,Y,pred,true
11,107241,608758,74.99370825856381,74.0
12,98429,631199,74.93464567674813,86.0
14,96454,603889,74.99522387948126,87.3
15,60686,638313,74.10313621737471,86.7
16,70867,641895,74.75165461986022,70.2
17,40525,641021,74.8847938766607,65.6
18,31543,635140,75.46843924183946,86.9
19,82464,622045,74.64136209733152,86.3
20,75577,613173,74.74090727128457,77.9
22,66093,618277,74.41005945636203,70.7
23,73876,619865,74.50799497892766,66.8
24,73276,626139,74.35522924937082,71.3
25,78881,606496,74.92934523902157,83.3
26,53916,605820,73.7001281734038,71.0
27,107495,471632,86.23640496360264,83.3
28,88614,457977,92.44948862884532,102.0
29,124088,488373,85.29057075464625,80.1
32,92213,497184,79.551253379376,73.8
33,97998,529289,74.40164041327552,70.3
34,107898,513022,76.54647919899291,75.9
36,122484,512804,78.94416037218434,69.6
37,52632,387566,104.82571810417048,105.0
38,64910,380970,104.80034245249455,116.0
39,83499,400116,106.04814150820766,120.0
40,76696,385757,105.96750515739292,109.0
41,64615,389546,104.6649452130308,99.1
42,73108,394531,105.22248837743346,125.0
44,97899,446404,96.21892233651704,101.0
46,123591,472414,88.67484385033234,75.2
48,47348,420987,102.52572667234999,103.0
50,76107,408506,105.0686219221905,109.0
51,54233,413798,103.51723400870095,106.0
52,45644,401132,103.55218174214343,105.0
55,111770,398003,108.98770576666459,106.0
56,84617,479129,84.16004207758402,83.5
58,109996,448081,94.11964761026353,120.0
59,86514,448005,96.63323309660089,103.0
60,600,528737,72.29327610553577,88.7
62,-17678,537610,72.20676225821775,76.9
63,-43157,510877,70.59673287505527,68.4
64,-19779,525650,72.22609847523266,79.0
65,-23575,512173,73.09544042205398,73.1
66,-10692,508893,75.11307819624733,74.3
68,4394,540106,70.98256924753461,70.5
69,-10590,531128,72.38953962451322,88.2
70,-11885,519563,73.23223364277199,70.8
72,20479,439849,98.8019398006924,94.3
73,37763,455811,97.18104284201252,101.0
75,16581,462198,94.7522567486602,99.4
76,40056,450622,98.19971716129697,101.0
77,68930,493604,83.05672833954472,71.7
79,81920,495585,80.97252131730843,77.5
80,28968,490131,85.97360744960827,86.4
81,58040,437540,101.67152913554902,93.3
82,78419,440822,99.83134356308517,106.0
84,74424,459779,93.92706423323754,91.0
86,79224,465970,90.36326734836334,88.9
87,30665,425380,101.27227748472268,102.0
88,36056,415700,102.8159989294872,104.0
89,28170,437159,99.78389176320854,104.0
90,6093,509787,76.46676226974004,75.0
92,87315,511250,77.50986673481654,77.1
93,64926,533511,73.84343745767964,73.8
94,83814,525209,73.28757979778366,71.3
95,87407,536883,73.35477551866644,78.2
96,57842,515260,75.45571340194307,65.1
97,57639,524535,73.78567405639123,71.0
98,-10683,622788,77.2343106876882,68.1
99,3296,639433,77.18673833066616,79.1
100,-23252,644123,79.8366696810741,68.7
102,-23964,593767,76.34348439196188,71.3
104,-24662,604134,77.73321156363318,71.8
107,-12580,610516,76.60859012514202,76.3
108,-13073,636347,78.77994451290148,67.8
109,70101,587559,73.72227982517754,84.1
110,86570,602396,75.02378465825213,73.4
112,70306,576184,72.66230932338792,66.6
113,47931,596151,72.92319613341121,78.0
114,52920,604620,73.57720441490451,63.9
115,94162,598807,75.0449643628515,74.1
116,80086,594726,74.91279951604596,69.4
117,136338,571528,73.45377238955022,81.9
118,163528,564211,74.90072310557983,69.7
121,124841,581811,73.92409617461777,70.1
122,127368,542421,74.50030123367934,73.7
123,125860,563067,73.53468504746068,66.3
124,116856,575545,73.89279483918618,78.0
125,81896,565903,72.77347820398121,63.9
126,11582,609024,73.86744967732949,60.0
127,44840,572913,70.88271521456633,71.1
128,1697,592765,73.74087610361775,64.3
129,-2196,609122,75.47571869598912,63.6
130,26369,556367,68.79001695798642,73.7
131,26569,566333,69.54077996870775,63.4
132,12583,565945,69.9997522304593,69.2
133,38853,552465,69.53902680201931,74.8
134,72509,566905,72.1706041085826,65.2
135,53433,567624,71.18571242563972,73.9
136,65128,545171,72.21143676197575,67.6
138,26459,612005,73.58970121091392,71.6
140,36635,619786,73.72041788830832,80.1
141,32144,621379,74.36764364171812,80.2
143,105278,565190,73.95474110328271,64.6
144,99579,571070,74.21585304794593,75.9
145,118384,533259,74.95565064910393,66.1
146,98092,543453,73.8446344395271,65.1
147,2399,559758,70.75854178770521,71.0
148,16782,549586,70.33893699596986,69.0
150,-50534,569719,74.53613447916334,65.4
152,-60700,614783,79.06856947527105,76.8
153,-62793,620469,79.14888685566754,84.0
154,-68013,568711,75.21650543626266,69.2
155,-70706,582673,76.74463505656789,68.4
156,-66327,536499,72.48925955132783,71.8
158,-71765,642197,79.5434040750173,67.5
159,-56217,599829,78.23327749551424,82.1
160,-69199,597033,77.51336090629563,70.0
161,-24473,549284,72.0161405513893,67.8
162,-49644,548077,72.86997813471805,71.8
163,-36352,566627,73.02830088290828,67.1
164,-53134,561337,73.92701726516809,65.4
165,-44857,478352,72.39927078847144,95.9
166,-65234,459088,69.32009789732857,73.2
167,-53846,472464,70.44188254989818,77.1
168,-70431,493101,67.8471392170613,74.4
169,-53844,484635,70.3602611208343,82.8
170,-34648,590470,76.49713201746752,80.5
171,-48622,617287,79.88242039503156,81.6
172,-35347,607723,79.24241599444436,67.6
174,-45535,583584,75.86581078265591,81.2
176,-21172,573214,72.21038458165935,78.6
177,-66321,415696,76.42802510822278,81.1
178,-65826,430956,72.30084416519182,81.2
179,-55138,420785,74.65443105387968,84.5
180,-66529,449113,69.32995840842035,72.7
181,-47647,448427,71.47805693563383,75.2
183,-22578,432470,83.82205198791567,70.2
184,-35862,468982,75.43837632868387,96.1
185,-9193,461901,87.42766097234404,95.6
187,16178,395351,102.94312052645743,107.0
188,27268,419497,102.43477031847831,105.0
190,5793,429176,96.90839472240651,99.4
192,8792,401642,101.05438242996031,98.0
193,-7593,435565,90.97412273867101,97.9
194,6892,450428,94.3049258160526,96.2
195,-5891,445142,90.13581652328752,90.4
196,19777,433371,99.75352338112337,100.0
197,-17083,471578,82.28001965688976,87.1
198,-26274,477668,77.89960831563772,92.0
199,-26876,491232,75.32901076383696,72.2
200,-36860,484541,73.95241584336375,77.8
201,-30757,392956,91.16522371944802,86.6
202,-29963,416107,82.04802753391522,73.3
203,-7493,400538,97.61996169647776,82.5
204,-27370,407025,86.04803082356037,72.8
205,-64610,375580,91.91770961137891,106.0
206,-29254,375689,99.69726310363941,95.8
208,-26556,344561,107.66381008599012,113.0
210,-49619,350145,103.88587871051024,110.0
211,-41832,358425,103.48636451806284,113.0
214,-63092,341351,101.07436796110194,115.0
216,-51705,332181,101.84844098151045,115.0
217,-41618,323100,101.52866256874537,109.0
218,-65823,406108,79.54821486314178,76.9
220,-38845,387268,91.3546464707,88.4
222,-75903,394337,84.12396686306562,88.5
224,-30593,231983,95.9550974625237,114.0
225,-33481,223596,97.53281222033922,78.9
226,-18936,233076,97.58562123239993,79.6
228,-43109,186262,93.61919619270043,98.0
229,-33448,184859,92.62149337739042,92.8
230,-13335,175279,92.00584007469824,126.0
232,-3485,212620,97.90125332265426,104.0
234,-30288,217600,96.77041854829436,85.1
235,-38942,203529,95.4759782135685,92.8
236,-38981,250636,95.58364583567682,112.0
237,-31402,255929,95.55994186852834,112.0
238,33685,234472,103.13452202443091,105.0
239,13154,243255,99.51382035472567,104.0
240,37589,260120,103.51797109091319,112.0
241,36486,249939,102.8907065878638,102.0
242,22427,250642,100.68185905697227,106.0
243,-45242,228278,96.61346211693271,105.0
245,-11449,189556,94.14189794494138,123.0
247,-14147,223300,97.5076929642105,87.5
248,-23914,217101,96.62073125966526,97.1
249,-2096,226087,98.84040338364946,97.6
250,-50236,243148,95.8436865546745,121.0
251,-3587,253046,97.3180155245546,103.0
252,-32009,265115,95.22158421674366,127.0
253,-17546,256134,96.31646790162154,104.0
254,9673,263816,99.0730875360527,102.0
255,-7579,273307,97.16319273668071,99.9
256,-38408,299048,96.13296785855361,107.0
257,-44108,315118,98.85316158434057,85.1
258,-49873,285574,93.05725739822775,117.0
259,-54872,295350,91.76945057449488,92.9
260,-68315,270694,92.69475969913952,115.0
261,-43781,268603,94.52212054975017,104.0
262,-27736,297257,97.45234601011497,103.0
263,-16163,308328,99.62079776284683,114.0
265,17262,301643,100.18981788010242,108.0
267,39909,295553,103.3526168599157,110.0
268,35648,367004,104.10004059577018,99.0
269,58971,305032,106.26625945665361,108.0
270,49676,282478,104.69699948864593,119.0
271,66822,276586,107.81018993215145,97.5
272,33914,276891,102.55684933230606,112.0
273,72033,293549,108.11220061199217,120.0
274,51197,319599,104.85756371905244,103.0
275,64264,313708,107.03410863868922,125.0
276,64785,334070,106.06678466440168,110.0
277,72664,327483,107.69622099926573,110.0
278,25961,360126,104.23550601285706,105.0
279,12779,378094,103.77303002538888,112.0
280,37946,375588,103.81631055982822,106.0
281,38150,398635,103.44416890435532,103.0
282,41142,387063,103.89586043943233,95.7
283,12185,367710,104.7934612860528,120.0
286,800,373694,104.73840294457014,102.0
288,-13378,372298,104.28982489597395,107.0
289,403,384677,103.36563496568377,107.0
290,-4793,342260,107.29267940214729,111.0
291,-15771,337774,107.561856905802,104.0
292,-1796,328892,104.6860039356209,111.0
293,-23465,363119,104.68607396778964,117.0
294,73887,359408,106.24695207394373,95.2
296,82167,353219,108.18612225901997,116.0
297,-72478,251435,95.4683942645032,125.0
298,-73729,294540,90.11662928513293,99.2
299,-77695,276375,91.85700855026131,109.0
300,-65843,288060,90.59505996348979,100.0
301,-45280,170283,93.05551594867693,94.3
302,-47698,195339,95.10964457756612,94.5
303,-62835,192741,95.93648579662684,116.0
305,-59123,173274,94.59925238498124,96.7
306,-71632,156211,95.47590248583266,97.7
307,-70883,183755,95.76625832847284,119.0
308,-46928,132859,95.63613715280651,83.9
309,-54845,109197,102.08395570045994,88.2
310,-54452,115684,100.38351055251202,85.9
311,-55989,141237,94.83136597531853,98.3
313,-52403,217600,98.64677527984365,111.0
314,-79742,135046,97.08671201672966,93.3
315,13399,85445,108.64948457763836,98.9
316,3080,75856,109.19231251423624,115.0
317,103,88235,110.01193563557796,109.0
318,-1095,78550,109.69739539248602,112.0
319,32345,71462,104.21190920537805,99.8
320,35436,81744,104.47867097180938,91.2
321,19055,79150,106.95267689402678,101.0
324,47534,72460,101.0754317379336,95.8
325,46721,62278,100.44092903568901,73.5
326,40036,108794,105.90873425821555,111.0
327,13816,127169,108.09109729774697,110.0
328,-11727,130059,102.89855328624148,106.0
329,44171,155413,105.99616594127629,104.0
330,57876,142135,107.20097174822733,117.0
331,44850,143240,105.81541368084648,127.0
332,75382,143224,107.546554773838,119.0
333,77038,127560,104.46691821759174,114.0
335,77552,134047,105.76739631478328,109.0
336,71056,119176,102.41387169700964,115.0
338,45978,168886,104.20071577950975,96.3
340,57396,94817,99.97253722005681,126.0
341,69901,90227,95.73915205106984,98.3
342,96795,84022,95.60791506100985,81.6
345,-19480,123668,103.3418990139341,107.0
346,-33692,124671,99.67419445910151,87.2
347,-64008,75851,109.20371410431903,107.0
348,-46343,75155,110.23935449640368,131.0
349,-48543,86729,108.11040899696528,106.0
350,-64734,88729,106.81018247622418,87.5
351,-72865,83328,107.73849153576636,90.7
352,24081,167801,102.1654818419312,111.0
353,34139,177973,102.60907347705586,123.0
354,-28876,72256,111.43327208623026,116.0
356,-33943,77249,110.68516450396555,86.1
357,-17765,78355,110.59693323123348,105.0
358,-10527,94824,109.93214256150522,105.0
359,-30386,93526,108.66358560118974,112.0
360,-44402,37622,115.16261484486783,158.0
361,-52959,57879,112.58441107678132,118.0
362,-42140,51198,113.46385231081896,116.0
363,-42264,65171,111.94781176072614,116.0
364,-81135,-12342,114.83299706011483,101.0
365,-81420,-5056,115.2094318879537,111.0
366,-66328,-18733,113.22890480604832,119.0
367,-66793,-224,114.35343297680464,101.0
368,-75446,11451,116.00980610104257,114.0
369,-71351,72454,109.54923289630888,106.0
370,-57795,46504,114.87290553820485,124.0
373,-80869,71458,109.52422257352335,98.7
374,-40910,27131,115.53613767069798,123.0
377,-35297,-9043,109.31060002777501,119.0
378,-45350,13260,113.8719307212098,122.0
380,-14157,10371,110.57517168848746,83.7
381,-24737,387,110.29930948945766,110.0
382,-14114,-5148,107.55169739185664,115.0
383,-16406,-19525,105.73011645580489,103.0
384,14227,-39191,99.42393874025532,93.0
385,-1296,-32907,102.20833017901548,85.4
386,-10838,-31706,103.70412989065947,98.7
388,-25558,-23722,106.23081258252756,105.0
389,-48930,-23326,110.34118130249793,104.0
392,16555,52391,105.91083840823795,90.4
393,29552,52599,103.80569239371214,71.6
394,24184,37623,103.30629652330776,118.0
396,-3072,49595,109.6459720602276,121.0
397,-11094,29634,112.28982375100672,118.0
398,10698,30936,106.43718918366635,85.1
400,-96,23144,108.36633093402425,92.1
401,70496,49587,96.05678045753905,115.0
402,53996,29433,97.83728967513801,99.0
403,54214,40813,97.91941239949352,78.4
404,58609,9662,98.1992219788062,104.0
405,31083,11361,100.07834120300176,87.8
406,71900,19644,97.29722597214855,87.3
407,57246,21739,97.83710745948396,125.0
408,24171,-33603,97.91112933612692,104.0
409,44772,-48576,96.70681723521894,89.0
410,11341,-28410,100.65857903385982,93.5
412,80732,-9742,97.6197404311484,98.0
413,40268,-10346,98.37766759483993,102.0
415,75781,-23125,98.38205772971722,95.1
416,47140,-25713,96.83935049580644,96.2
417,-2181,4776,106.0022448863134,99.7
418,16920,1583,102.40957114390882,95.7
419,27939,-8749,99.98014263413512,100.0
422,17801,-18630,100.46682544531143,96.0
424,184260,-15055,94.80636937535799,84.0
425,177078,-39095,95.63993564796658,92.6
426,192491,-36007,95.4924080371025,87.7
429,218394,11586,98.80009202610331,98.1
430,152347,92287,101.54645381074684,93.5
431,234907,34850,102.57927036568607,101.0
432,220063,44230,101.82679196978843,108.0
433,208985,36348,99.70811397433609,90.0
435,195882,35760,97.51632989531305,86.1
436,135911,-8358,95.95368117598869,107.0
437,150002,8831,95.39041934058197,102.0
438,227726,-41592,99.04011579194298,104.0
441,263535,31788,105.31825417424554,103.0
443,195357,-3672,94.98620281184247,93.6
444,173304,56838,95.81915133630315,111.0
446,234659,-27441,100.10642718034615,78.0
447,228172,-1627,99.87944126727832,104.0
448,241024,11290,102.294942277448,96.2
449,165757,9621,94.922391045447,99.5
450,259395,-22014,103.67712879836438,107.0
451,255385,5013,103.89432247631166,98.6
453,274843,-27218,104.5743476415434,97.6
454,255337,-30543,103.13307150681496,108.0
455,171252,-20536,95.02437746459509,105.0
456,203200,72892,101.33515635958132,112.0
457,201843,92151,102.7489797333943,88.9
458,195179,108136,103.96051537450829,98.6
459,241575,65007,109.68440731978392,115.0
460,234804,67286,106.48845926153393,97.2
462,241375,75508,112.20183847774067,98.8
463,242911,56405,106.71588263482806,111.0
464,253594,60851,110.53327865648842,133.0
465,245888,76360,112.71839026593342,97.9
467,247210,73765,112.36710076370113,88.8
468,219507,61401,103.72624693867513,100.0
470,263323,116594,122.21599191017476,161.0
471,227356,119365,113.57142285293341,86.2
472,201282,148045,108.08908328550444,92.8
473,211811,143456,110.51939751520324,103.0
474,197204,168519,111.76644626944194,104.0
475,202253,181491,116.18921520115519,105.0
476,254381,126803,122.99458474491537,133.0
478,197701,131184,106.03786420127251,96.0
481,228728,127878,115.0605201524642,145.0
482,234528,97295,112.64059040138811,85.6
483,223667,136889,113.8031287022027,107.0
486,256902,172862,125.9499063149523,108.0
487,228311,158683,117.41194086469035,116.0
489,246699,224220,122.31846438675419,140.0
490,240326,213105,122.91978253801513,126.0
491,236758,225842,122.17136246888573,125.0
492,185861,217528,118.37840546376152,127.0
493,107583,205201,107.25683001812936,110.0
494,157066,223442,113.90569562891338,98.6
495,187714,207544,117.74645278421939,87.0
496,172730,198677,114.26462154373719,100.0
497,198999,210526,119.97625548616786,138.0
498,149189,259368,114.47284650732261,110.0
499,197215,266614,123.76716978060801,87.0
500,184322,261939,123.8914657549467,90.4
501,199339,245850,121.88161722110124,90.8
502,209332,249044,121.70628116316267,108.0
503,169494,277114,124.09748599705792,153.0
504,169072,267635,121.99139507757263,112.0
505,181787,249268,120.99119508134486,114.0
506,148810,230428,113.45035933503061,93.0
507,219772,225490,121.5934731475663,116.0
508,224161,243551,121.36467895121886,142.0
510,84774,159692,108.74590097691473,116.0
511,112446,129441,108.55688192530992,107.0
512,101859,150203,110.32999064498144,130.0
513,95052,132636,107.21179829542939,124.0
514,108828,117467,105.40719022473559,105.0
516,91496,142130,108.14801231765617,121.0
518,163841,169738,108.27105167040314,101.0
519,184324,183091,112.38075345561575,111.0
520,95720,160293,110.09838052617162,120.0
521,114922,192724,108.49691624245963,114.0
522,116867,175852,110.37131321905119,122.0
523,105043,185735,108.00577148027641,119.0
524,103530,178058,108.86465960423686,106.0
525,88778,170876,108.14106614188796,117.0
527,126402,113660,104.8994289968134,97.6
528,154641,113744,103.60031200193082,112.0
531,12457,220803,100.45282999087523,108.0
532,25407,224187,102.3078005430074,104.0
533,11159,228881,100.32209043818928,117.0
534,63885,234664,106.79039981475732,109.0
535,68186,244044,107.3344376201669,126.0
536,71106,265698,106.93267070472389,102.0
537,80796,279370,109.41763957637646,111.0
538,104009,262289,112.19963290992612,116.0
539,108978,252111,111.7285783978193,116.0
540,92749,269387,111.02875430510278,98.3
541,87054,261801,111.67198536530375,107.0
542,108126,226465,108.47798428316862,113.0
543,117836,244324,111.05555291633934,116.0
544,110780,210085,107.82348194930458,121.0
545,87904,182051,106.10910305374662,107.0
547,96807,198922,105.15405756935519,92.2
550,15236,189654,99.41148336801784,102.0
551,68648,218993,105.1645382757781,99.0
552,49027,227987,104.75443942667226,118.0
554,48119,216002,104.13228127452537,107.0
555,93863,220179,106.89780860382704,85.7
556,81427,233161,108.116940125966,111.0
557,71347,225584,106.2870853561527,112.0
558,65101,177772,104.65901725078321,120.0
559,50787,195043,103.50311282573041,110.0
560,70160,167091,107.38081272634251,103.0
561,60265,208319,103.83601028065038,108.0
562,138485,39589,96.33287779894556,102.0
563,99662,-33307,97.2676462453351,95.7
564,133288,51570,96.97086227697456,114.0
565,118277,45080,96.11046825823645,88.3
566,105519,54071,95.38152523409865,97.4
568,123022,63153,97.79178153146754,106.0
572,108000,30311,94.58668578426762,89.3
573,76214,37914,96.04829110096189,96.4
577,134185,-35303,95.23316553519419,86.7
578,121138,-28120,95.27268193288741,106.0
579,104913,-19529,97.15180808052789,94.3
580,98783,3466,96.71471955602563,100.0
581,89871,-4263,97.21269924425728,121.0
582,110271,4756,96.97210043541592,91.6
583,117236,106379,103.40546546203306,110.0
584,124214,87510,101.32625174131205,87.4
585,134870,93891,102.2030106246902,111.0
586,109742,94703,100.07855437348977,116.0
587,125937,96390,102.50492488281247,91.0
589,146860,-49674,95.67268160509539,84.3
590,205533,-39402,96.11117666294946,105.0
591,187903,29175,96.21556238400024,83.9
592,175178,10414,95.03420185806041,93.4
593,104073,64856,96.27542054409436,106.0
594,109086,51677,95.46091006828297,96.3
595,64674,-54166,98.1653661716307,97.6
596,118901,-50971,95.40772698408728,90.9
597,130343,-51271,95.26809559821083,99.5
598,132078,494648,85.89759308680715,75.3
599,128185,456043,93.40020602665237,96.1
600,36154,407723,103.06497974228765,110.0
602,73492,596827,74.61985932264265,66.7
603,154535,559733,73.91270328845539,66.7
606,19871,401939,102.39758164836883,105.0
607,19474,410016,102.19396150176001,97.4
608,-53524,385160,89.46553153559994,92.2
610,237577,124771,117.63819147581626,178.0
611,6775,218901,99.62900618465719,90.0
612,173684,87280,98.89657478914997,106.0
613,186194,13312,95.41218579942722,97.8
614,181218,23389,96.06175670462247,94.6
615,190998,19397,95.51097461724719,88.4
616,182755,3822,94.80218658650215,112.0
618,255930,-10276,103.59559263237756,108.0
619,157549,627623,77.95192261445091,89.1
621,-23853,639734,79.81098361785126,71.5
622,-13979,599055,75.75743335781118,70.8
623,-70185,615575,78.69906981542638,66.8
624,-35042,614104,79.53925631993917,83.5
626,138377,470796,92.34975211481867,88.3
627,59831,424875,103.7890572302138,113.0
628,45955,469273,93.93845237929257,95.2
629,49748,504284,78.86819675635883,70.5
631,55831,553958,71.05032178715872,69.6
632,221093,429186,88.67082415616329,127.0
634,-11072,287470,97.47772414275772,110.0
635,-32930,310820,99.79362973060337,106.0
636,-19363,320803,103.57884265363367,107.0
637,19069,357037,104.71673996798104,110.0
638,29444,322307,102.92075684552051,92.0
639,8387,343867,106.09938364546406,115.0
640,251509,456868,74.89188677203879,72.1
641,246131,479648,72.85099557624306,71.2
642,213810,575783,76.00177448224782,83.2
643,255608,368004,100.50319073855925,105.0
644,246657,335556,110.64907338194791,118.0
645,88319,311000,110.78202157936187,131.0
646,120285,327952,114.97262982267097,157.0
647,100548,355105,111.21344607034058,126.0
648,32556,585686,71.52829012846276,69.6
649,114947,586414,74.32554950987341,66.4
650,-17782,455215,84.18469019134338,100.0
652,-19676,384480,99.83633066358864,97.1
653,-35542,352047,105.65393090367013,103.0
655,-69466,326283,97.3594073920525,99.2
656,-68857,314410,93.63384908459433,117.0
657,245562,266684,118.69532981464255,126.0
659,-62363,150021,94.9277563718364,95.9
660,-62389,108296,102.67109467529812,92.3
661,-61726,124465,98.25403163332929,82.1
662,14595,91025,109.11417770749014,117.0
663,9831,99019,110.28221827222903,98.5
665,21356,103905,109.09464371158843,96.6
666,8050,110594,110.69782613798841,104.0
667,14602,110495,110.57703691890949,100.0
668,31489,103106,107.90655730828897,100.0
669,-699,127464,105.85743316240713,112.0
671,28028,120777,108.46943819547451,115.0
672,91670,66055,94.79791032659776,105.0
673,-39176,137353,95.61804727539469,82.0
674,-35094,135656,96.47713524707511,94.0
675,-36492,138648,95.78252010852707,98.4
677,-55626,104896,103.03056886969864,90.2
678,-58394,95417,105.71080048592717,101.0
679,-58198,99412,104.97815471797088,89.3
680,-32930,158307,92.87492352633348,101.0
681,1893,150529,99.07887728391121,110.0
682,9352,148533,101.33667985453243,101.0
683,6864,153627,99.90206449214472,114.0
684,11345,170098,97.92365160056819,112.0
685,19895,153926,102.75008632822093,107.0
686,-13832,161210,93.36086342053825,110.0
687,-8351,138246,100.92035537293121,101.0
688,-25672,169389,91.09482028682939,101.0
689,-1589,146232,99.85346295393275,110.0
690,1692,144039,101.24136023228964,115.0
691,-10831,115485,106.851445644508,121.0
692,-68442,-42689,111.87624038046829,126.0
693,-74009,-38401,112.59517044537083,180.0
694,-51332,-44580,109.9888841048483,120.0
695,-77211,-51976,111.52024666892471,89.7
696,-60684,-45782,110.96784759842694,92.2
698,139863,634226,77.07602380216503,85.3
699,139117,590273,74.10606480378351,76.5
700,178291,646415,81.39149323109285,81.8
702,115831,602865,74.38078131284819,71.2
704,129095,622889,75.17642192906246,87.1
705,157623,569799,74.18974389204975,68.5
706,146821,581480,73.53896422134693,60.0
707,138594,611408,75.34057394217471,78.0
709,210853,626867,82.10388555724894,76.3
712,241087,494749,71.70333581082409,69.6
713,229184,552027,72.65768348838287,77.4
714,190510,565355,77.79168619256944,78.2
717,236791,461478,76.99121866586479,82.4
718,222406,475431,78.5420808628816,79.0
720,203155,585919,77.61980800530267,82.8
721,205703,393610,105.16185615392546,96.5
722,171841,418884,105.39164215850764,105.0
724,227689,406300,94.91875808189255,92.1
726,165367,475050,94.13963538630308,82.7
728,216005,353521,109.31460901468833,106.0
729,203825,416457,99.06832667842014,104.0
730,151267,449040,97.38269530117763,86.3
731,183537,545229,76.50458808663984,72.5
732,173037,544148,76.81968760106508,69.8
733,147658,537306,75.41006008518848,66.1
734,159713,384889,112.35765480167647,118.0
735,188756,448094,93.80108417673655,131.0
737,189360,494367,83.53839439849713,72.5
738,250562,436667,79.81772725825978,68.5
739,215868,343000,110.86437983751546,99.9
740,237452,436310,81.50517204447932,74.8
741,201855,449366,89.66357974390321,82.2
742,224966,447920,82.82085157880853,74.6
743,194841,352425,113.59755496819548,113.0
744,178051,353339,113.57030860844485,115.0
745,158631,402547,109.67336793946141,118.0
747,203573,372867,108.79889579971427,102.0
748,184988,378967,112.05958921419018,90.5
750,148774,462804,94.46893237837725,99.0
751,128978,442385,96.71514186484951,105.0
752,202562,488957,81.35622575434796,85.1
753,208417,473601,82.52351797662415,76.2
756,207660,524468,75.72561742541606,71.5
757,180556,508144,81.80323668340334,81.2
758,155156,429084,102.5095038835016,105.0
759,126977,532553,75.21355746850259,78.8
760,160551,533700,76.90901952285357,81.6
761,161857,518338,81.49521027251792,79.3
762,229129,372987,103.39266411949626,101.0
763,242142,286131,116.5364435881387,143.0
764,245122,350550,106.47884480568723,98.3
766,234374,262689,119.51280580467497,121.0
767,236249,251026,120.51748534044536,130.0
770,251850,388026,95.75108959452761,97.8
771,224846,382350,102.71355525645876,102.0
774,147211,371033,114.08827275677073,123.0
775,159404,376007,113.52198121321949,119.0
776,151137,278630,118.516124351695,134.0
777,165853,295977,121.7268896535821,125.0
778,198176,287668,121.9673753930618,88.0
779,147679,352376,114.84957525782158,116.0
780,120131,364873,113.3729402534193,95.7
781,91275,376462,107.95644769913534,116.0
782,91930,331864,110.89886742861374,122.0
783,93242,345132,110.3766276313277,103.0
785,170283,367015,113.38995302806468,105.0
786,132627,375234,113.48033021434387,132.0
788,97359,284251,112.02742120415839,129.0
789,129587,342308,115.12745755089108,122.0
790,113370,309790,114.95237365453974,141.0
791,149161,338700,114.4207494151789,128.0
792,122247,253206,112.14344163516265,140.0
793,138376,285325,118.03131087604085,144.0
794,124924,295117,116.62657757020789,178.0
795,133511,298307,118.27165283651927,162.0
797,141728,266561,114.8485832756748,127.0
799,189125,341560,114.28028950980962,117.0
800,203131,273995,122.6048079930078,159.0
801,181246,302854,120.50708469951242,101.0
802,232105,341900,109.89750070721541,81.7
803,234835,325897,112.78073800257872,103.0
804,225729,531638,72.18339463004955,79.7
805,217580,506262,74.53574181619325,85.9
807,241683,549945,71.11456514840965,75.0
808,197524,553179,76.96285214284747,75.3
809,205120,561774,76.31312008133703,74.2
810,193668,648972,83.04185187999582,79.1
812,164877,605874,76.33349769920652,70.8
813,153322,574797,73.70674712239705,60.9
814,128317,603947,74.83117654562112,73.3
815,241407,630658,82.83684670659626,87.4
816,227049,617480,80.35819319510726,76.3
817,243490,617419,80.28589519356018,77.8
818,174656,614729,78.342981235663,78.4
819,222788,267170,119.93565061501445,124.0
820,249191,404524,89.3328708828016,72.4
821,231303,396488,96.7003197616922,103.0
822,244955,371958,101.02464300958503,111.0
823,231871,361698,105.57167743014165,112.0
824,211300,460421,84.32514554500939,70.8
825,217802,416718,94.87616176829071,87.7
827,183773,365806,112.37774093744116,115.0
828,204919,345631,111.5402739936377,94.9
829,194669,368879,110.91829327358079,92.9
830,211002,384842,105.33071398661406,88.9
831,201252,361797,110.4145042088614,99.1
832,178847,428060,101.5858002199569,104.0
833,140171,450254,95.8204537213258,91.9
834,162565,453210,96.92455908542097,101.0
836,141677,463718,93.89501100486802,99.2
837,185963,485893,86.13064882677293,74.5
840,204379,506989,77.14962583592339,77.9
841,179757,516520,80.4057153004561,76.0
842,179124,556002,76.70760324263229,69.3
843,154146,416719,106.14159727494223,103.0
844,183349,440319,97.00921316985652,103.0
845,127560,410462,106.81822114380292,103.0
846,138273,523856,78.18772670066477,79.9
847,163564,493604,89.6733471666275,73.6
849,89466,363299,108.39471046912128,114.0
850,98479,392029,108.12547905226637,103.0
851,109360,381736,110.21638980272438,124.0
852,75839,305923,109.14040966514646,102.0
855,132563,327942,116.13263190344396,125.0
856,163465,350466,113.5557702883808,111.0
857,136238,314563,118.16336754715667,143.0
858,163903,318834,116.6384553832227,157.0
859,182167,312730,118.12676966016183,109.0
860,201662,320590,115.71537440072161,97.3
863,228486,312977,115.0183387133714,115.0
864,113002,636469,76.0723625089334,86.1
865,88808,429749,101.94290088233011,128.0
868,-11982,581602,73.00020208560763,57.0
869,-11484,422387,90.84067508834649,64.4
871,69983,42110,96.49036948717401,112.0
872,86082,55780,94.79801696956274,91.6
873,176775,106947,101.19850799128899,97.6
875,167166,27093,96.360354238758,72.2
876,185268,80186,98.11138961151443,79.5
877,226128,-15904,98.85554986621057,111.0
878,242778,162540,123.28067218359831,170.0
879,148404,167755,109.77603617487645,103.0
880,142197,159374,110.07477423389248,142.0
881,54635,257126,104.88463244537166,99.0
882,103851,232250,108.69709706501463,103.0
883,79309,219793,105.89610817752941,115.0
884,72721,211709,103.75146418125132,116.0
885,125764,34495,95.68285169384212,111.0
886,134621,21423,95.56315410199097,98.1
887,122276,51267,96.87190988107079,98.0
888,112369,81026,98.88879649982385,101.0
890,101829,48681,94.52487198333925,87.1
891,102505,18040,95.6691323801651,94.8
892,142570,83412,99.38570346392568,90.0
893,132893,73331,98.18473479198923,85.6
894,-35902,145635,94.81606760926597,94.5
896,-27873,503696,73.42529835698393,62.5
897,-1195,632061,76.84243566418681,76.2
898,19362,645318,76.66078114539987,78.1
899,3298,519061,73.76735406843284,69.3
902,81144,325579,109.12217944730064,121.0
903,240700,261295,119.54238000273457,124.0
904,110388,322273,113.82976376533567,127.0
905,54146,476850,90.71456233234353,92.2
906,143676,66234,97.07323894878483,91.3
907,143094,49069,96.28699218577107,95.2
908,147395,37385,96.16755821303597,109.0
909,63090,631538,73.93948941663432,80.9
910,123459,315078,116.2962603087434,141.0
911,202,182665,95.07525337046923,112.0
912,-14670,300745,98.82111843265864,115.0
913,51960,108992,103.489043932509,117.0
914,34031,160607,104.22473619803147,116.0
915,85524,239246,108.71100095817098,119.0
916,208003,647227,83.87532392747167,79.5
917,-1597,573025,71.56795965347919,63.9
918,6988,579302,71.52932927766085,65.2
921,41155,527635,72.62180721655602,61.0
922,-27062,162906,92.17638800490586,115.0
923,-62125,30930,116.10130327816572,132.0
924,168619,-5465,94.70857112333509,78.7
925,168425,71416,96.86355887375915,92.5
926,177381,-8666,94.68516268612018,90.3
927,179639,-32110,95.36184833633101,99.4
928,196340,-27122,95.28045113210496,98.8
929,163464,-46880,96.0922648339394,93.7
930,161835,-33204,95.51624554480617,114.0
931,111883,57366,96.30686421499614,98.6
932,260190,65275,112.03391542088215,118.0
935,176856,457485,94.34126111133263,102.0
936,17777,521260,73.1193756868268,71.8
937,29371,514973,75.68671271508356,77.1
938,23077,501503,81.09799553152062,75.0
939,157867,82705,99.12824446686054,86.5
940,182516,119718,103.40926261808309,116.0
941,183619,55837,96.49923764325757,88.5
943,164829,145187,103.21291269552435,143.0
944,143021,117044,104.49658266909967,102.0
946,173516,129512,102.1134075800777,92.1
947,168245,543164,76.60224416488937,73.3
949,143078,489744,90.56693282632821,82.2
950,122286,11446,96.22390261597872,95.1
951,211292,-9069,96.60863516280615,96.2
952,131632,128435,107.85736526672757,123.0
954,131297,243017,111.78872897509017,125.0
955,229966,188748,123.14829946483074,117.0
956,80666,105390,97.66723297850685,116.0
957,10481,630460,75.42134927578363,63.6
958,13783,595763,73.1533254322168,66.2
960,250092,26123,103.66456686517469,112.0
962,-55601,-37294,111.57798423597033,129.0
963,-23677,-37490,104.79491741734184,90.7
964,118318,161474,111.74911247592063,141.0
965,82150,250326,110.74371914492002,119.0
966,93608,245034,110.53893182708069,126.0
969,169924,251569,118.58971306978995,113.0
970,178911,226017,117.94664034406138,122.0
971,174454,233202,117.70811105077503,143.0
972,199596,235678,121.44905090474458,161.0
973,188488,226907,119.6600824604183,113.0
974,211047,186365,119.18315975857071,117.0
975,247776,180359,125.0715710361302,124.0
976,90715,77742,94.3887756467962,102.0
978,37934,624566,73.93044878268785,81.1
980,-57143,505485,69.42548660820397,64.9
981,-72922,530504,72.16168967949594,60.1
982,59113,591855,73.63970596249797,79.8
983,86686,578074,73.61264908508059,64.2
984,86084,589041,74.77745333463415,68.6
985,138522,10235,95.68014073662869,95.0
986,189348,-48476,96.2699810671526,107.0
987,253908,74697,113.37486672737899,75.4
988,145764,181527,110.17403636689114,115.0
989,177484,169022,108.06002526274865,97.5
990,130572,197003,110.06780815597025,119.0
993,42620,632243,73.87975599503572,70.0
995,155395,-6762,95.34570965853302,102.0
996,216640,76077,104.44727260724997,113.0
997,241666,45386,104.75740170064982,119.0
998,198253,158330,109.6678917978741,89.9
999,248805,111339,118.42341382636866,99.5
1001,53306,628955,73.48094207746863,62.5
1005,133371,-26024,95.4943572266071,97.1
1006,269096,14402,105.17257630488248,118.0
1008,38463,465384,95.12499732278798,93.4
1009,18779,450223,97.03935761180385,98.6
1010,204274,259523,122.4351433517072,104.0
1011,82950,638601,75.01444104410211,68.2
1012,190455,604432,79.12889376396073,83.0
1013,18077,585791,71.52064102431254,68.6
1014,14484,478567,90.01129284672497,93.3
1015,99466,587330,74.66048541621187,71.9
1016,78312,543466,72.76239940022101,69.2
1017,228569,59776,104.41450574983973,107.0
1018,214954,490539,77.74214483263401,69.0
