X,Y,Grade,Domain
-140463,-30977,151,SIC
-136211,-12166,255,SIC
-123184,-9111,79,SIC
-121276,9758,191,SIC
-120674,1960,194,SIC
-116780,-32596,334,SIC
-115480,-4816,107,SIC
-109680,20655,296,SIC
-109192,-36075,394,SIC
-109172,-34963,394,SIC
-93540,-14096,324,SIC
-92287,65956,105,SIC
-84732,68067,135,SIC
-83690,-18690,585,SIC
-83783,-80965,114,SIC
-75594,17901,334,SIC
-68707,-43345,131,SIC
-63854,-92327,78,SIC
-62677,19974,398,SIC
-46443,-37998,141,SIC
-45400,-1310,192,SIC
-42594,70948,151,SIC
-42513,82067,107,SIC
-34132,-26960,145,SIC
-29884,57526,334,SIC
-28425,47511,327,SIC
-26758,81974,213,SIC
-25311,69736,331,SIC
-24717,31927,400,SIC
-23978,27477,327,SIC
-21560,67497,380,SIC
-19610,-25914,94,SIC
-17218,8550,185,SIC
-17186,19669,239,SIC
-14028,71922,330,SIC
-13567,-57065,30,SIC
-6524,61902,254,SIC
254,-1483,53,SIC
1790,-51520,78,SIC
6322,16312,71,SIC
14022,-32601,62,SIC
13971,-10362,71,SIC
16178,18554,59,SIC
21414,38586,60,SIC
24364,56389,124,SIC
25738,86417,153,SIC
30369,60865,75,SIC
31263,34182,137,SIC
31216,43078,86,SIC
32301,-18075,129,SIC
33150,-33638,345,SIC
34145,-74775,441,SIC
33874,105361,184,SIC
37632,102049,121,SIC
39277,-34713,346,SIC
41380,-6899,270,SIC
42166,95408,100,SIC
44793,45389,45,SIC
45988,85429,107,SIC
47728,-39100,359,SIC
49386,-54654,278,SIC
49452,29858,72,SIC
54225,86611,131,SIC
56563,-83503,90,SIC
55862,72171,141,SIC
55851,73283,131,SIC
59158,-33438,452,SIC
63585,-91218,16,SIC
63172,91149,136,SIC
65718,64488,130,SIC
65456,87838,118,SIC
66256,83399,109,SIC
68438,24486,145,SIC
71226,-18851,254,SIC
70784,81227,140,SIC
71928,48992,152,SIC
73312,59018,60,SIC
78296,-34332,283,SIC
81859,40225,184,SIC
81960,86933,127,SIC
84694,230,220,SIC
85540,46949,178,SIC
87981,-16404,218,SIC
86885,58090,137,SIC
94901,74895,144,SIC
96720,9309,230,SIC
96467,24875,282,SIC
98187,-34040,129,SIC
105188,-40595,65,SIC
107070,-17206,190,SIC
113152,-15982,170,SIC
111636,64067,156,SIC
114546,-49321,131,SIC
120891,-21392,10,SIC
122870,-43597,99,SIC
125007,937,92,SIC
128096,-1222,67,SIC
142077,-45399,18,SIC
145302,-51996,20,SIC
150921,-61870,55,SIC
